Submission id,Participant id,Status,Started at,Completed at,Reviewed at,Archived at,Time taken,Completion code,Total approvals,Fluent languages,Age,Sex,Ethnicity simplified,Country of birth,Country of residence,Nationality,Language,Student status,Employment status
6400baf38f877918fc0c24c3,5cacc30ef7db0100175998e7,AWAITING REVIEW,2023-03-02T15:04:26.389000Z,2023-03-02T16:00:03.943000Z,,2023-03-02T16:00:05.398107Z,3338,C15BMR3K,74,English,23,Male,White,United Kingdom,United Kingdom,United Kingdom,English,DATA_EXPIRED,DATA_EXPIRED
6400bb20ea074ed5b3af8dbe,5eec9ed2f32dc20379a7934f,AWAITING REVIEW,2023-03-02T15:06:15.395000Z,2023-03-02T16:23:08.139000Z,,2023-03-02T16:23:08.497813Z,4613,C15BMR3K,442,"English, Urdu",28,Male,Asian,Pakistan,Australia,Australia,English,DATA_EXPIRED,DATA_EXPIRED
6400bb6005bf65f60047962f,5c5a000eb7edc10001a7ee16,AWAITING REVIEW,2023-03-02T15:06:08.826000Z,2023-03-02T16:08:49.910000Z,,2023-03-02T16:08:52.018944Z,3762,C15BMR3K,1228,English,35,Female,White,United Kingdom,United Kingdom,United Kingdom,English,No,Part-Time
6400bb9a199b4b8af7e939a5,606f277cdd257dea5536d322,AWAITING REVIEW,2023-03-02T15:07:11.264000Z,2023-03-02T16:19:14.808000Z,,2023-03-02T16:19:15.247703Z,4324,C15BMR3K,149,"English, Dutch, German, Italian, French, Spanish",32,Female,White,Ireland,Ireland,Ireland,English,Yes,Full-Time
6400bbf644d3b632fa503431,611bf01adb826b006f4a82ef,AWAITING REVIEW,2023-03-02T15:08:49.233000Z,2023-03-02T16:11:28.663000Z,,2023-03-02T16:11:29.640975Z,3760,C15BMR3K,383,English,26,Female,White,United States,United States,United States,English,DATA_EXPIRED,DATA_EXPIRED
6400bc41a4563e249536f696,60a165177c992cb8b48a332f,AWAITING REVIEW,2023-03-02T15:10:17.113000Z,2023-03-02T16:50:20.714000Z,,2023-03-02T16:50:21.226854Z,6004,C15BMR3K,181,English,37,Female,Black,South Africa,South Africa,South Africa,English,Yes,Full-Time
6400bc8dd52340b583bc9d35,6089ccf43f43e48ba34f3d61,AWAITING REVIEW,2023-03-02T15:11:13.650000Z,2023-03-02T15:59:15.659000Z,,2023-03-02T15:59:16.077346Z,2883,C15BMR3K,206,"Arabic, Polish, English",30,Male,Other,Canada,Canada,Canada,English,No,Due to start a new job within the next month
6400bcdbb908b1e60e56d925,60dcda8692f09f402fad8566,AWAITING REVIEW,2023-03-02T15:12:34.520000Z,2023-03-02T16:45:49.895000Z,,2023-03-02T16:45:50.297655Z,5596,C15BMR3K,160,English,26,Male,White,Ireland,Ireland,Ireland,English,No,Full-Time
6400bcdd424c70cb5a56d8cd,59d6a195f50cfe000125da5f,AWAITING REVIEW,2023-03-02T15:12:33.735000Z,2023-03-02T15:55:30.139000Z,,2023-03-02T15:55:30.581654Z,2577,C15BMR3K,641,English,45,Female,White,United Kingdom,United Kingdom,United Kingdom,English,No,Full-Time
6400bce274194fd92895529b,6018534e0c293609da7a8f8e,AWAITING REVIEW,2023-03-02T15:12:34.815000Z,2023-03-02T16:22:24.239000Z,,2023-03-02T16:22:24.735137Z,4190,C15BMR3K,330,English,41,Male,Black,Zimbabwe,Italy,Zimbabwe,English,No,Unemployed (and job seeking)
6400bd0a71ec2ba6a9474170,5c65bffe5aa5610001dd6338,AWAITING REVIEW,2023-03-02T15:16:21.290000Z,2023-03-02T16:08:35.303000Z,,2023-03-02T16:08:35.734211Z,3135,C15BMR3K,148,English,31,Female,White,United Kingdom,United Kingdom,United Kingdom,English,No,"Not in paid work (e.g. homemaker', 'retired or disabled)"
6400bd0b2dc0bae8c362fcc0,603fad5084b4750912f77008,AWAITING REVIEW,2023-03-02T15:13:23.420000Z,2023-03-02T16:14:22.188000Z,,2023-03-02T16:16:01.854542Z,3659,C15BMR3K,52,English,39,Female,White,Canada,Canada,Canada,English,No,DATA_EXPIRED
6400bd3a4f75f5b85ec31521,60febe4bb7d1055665da0413,AWAITING REVIEW,2023-03-02T15:14:06.960000Z,2023-03-02T16:18:05.187000Z,,2023-03-02T16:18:15.518417Z,3839,C15BMR3K,449,"Spanish, English",46,Male,White,United Kingdom,United Kingdom,United Kingdom,English,No,Full-Time
6400bd4b63f7f63eba657325,605d5a6066ab82b353e53c15,REJECTED,2023-03-02T15:14:19.935000Z,2023-03-02T15:23:31.753000Z,2023-03-02T15:55:58.321000Z,2023-03-02T15:23:32.308000Z,552,NOCODE,303,CONSENT_REVOKED,CONSENT_REVOKED,CONSENT_REVOKED,CONSENT_REVOKED,CONSENT_REVOKED,CONSENT_REVOKED,CONSENT_REVOKED,CONSENT_REVOKED,CONSENT_REVOKED,CONSENT_REVOKED
6400bdd6711517835de93a34,5fb6bb7c19e6d00f86af4633,AWAITING REVIEW,2023-03-02T15:18:22.063000Z,2023-03-02T16:46:27.343000Z,,2023-03-02T16:46:27.786502Z,5286,C15BMR3K,346,English,24,Female,Black,South Africa,South Africa,South Africa,English,No,Unemployed (and job seeking)
6400bdf9023754ab00b1cbfa,61bb371940db417c1a1389b4,AWAITING REVIEW,2023-03-02T15:17:16.698000Z,2023-03-02T16:18:28.990000Z,,2023-03-02T16:18:35.665207Z,3673,C15BMR3K,192,English,30,Male,White,United Kingdom,United Kingdom,United Kingdom,English,No,Full-Time
6400be0c00733a36eefce223,604bd226587ce0cb9d88c8f6,AWAITING REVIEW,2023-03-02T15:17:44.761000Z,2023-03-02T16:35:23.503000Z,,2023-03-02T16:35:26.447498Z,4659,C15BMR3K,200,"Afrikaans, English",39,Male,Black,South Africa,South Africa,South Africa,English,Yes,Full-Time
6400be48c34776df08e0630e,5be4776ad3283000016752e4,AWAITING REVIEW,2023-03-02T15:20:31.489000Z,2023-03-02T16:05:02.085000Z,,2023-03-02T16:05:02.565545Z,2671,C15BMR3K,390,English,33,Female,White,United Kingdom,United Kingdom,United Kingdom,English,No,Full-Time
6400be4a7672f2bd59947573,60471ddd0b6ed718cb843760,AWAITING REVIEW,2023-03-02T15:18:40.303000Z,2023-03-02T17:02:19.116000Z,,2023-03-02T17:02:19.961841Z,6219,C15BMR3K,73,English,40,Female,Black,South Africa,South Africa,South Africa,English,No,Part-Time
6400be808a26c065930c252d,5f6388c21b14c5079764e750,AWAITING REVIEW,2023-03-02T15:19:31.477000Z,2023-03-02T16:07:43.880000Z,,2023-03-02T16:07:47.626133Z,2893,C15BMR3K,1435,English,33,Male,White,Japan,United Kingdom,United States,English,No,Unemployed (and job seeking)
6400be821751417661faad81,60700ba0aead6063a9c1aac7,AWAITING REVIEW,2023-03-02T15:19:37.752000Z,2023-03-02T16:22:02.134000Z,,2023-03-02T16:22:02.576795Z,3745,C15BMR3K,212,"Afrikaans, English",22,Female,Mixed,South Africa,South Africa,South Africa,English,Yes,Unemployed (and job seeking)
6400beafc2b8745b8a604b81,5c994bc42b26210001a28ad6,AWAITING REVIEW,2023-03-02T15:22:01.666000Z,2023-03-02T16:30:56.199000Z,,2023-03-02T16:30:57.281667Z,4135,C15BMR3K,342,English,40,Female,White,United Kingdom,United Kingdom,United Kingdom,English,No,Part-Time
6400beb96629f3e1a1e2528d,63d1224219b8af30f1dca3c0,AWAITING REVIEW,2023-03-02T15:20:34.949000Z,2023-03-02T15:59:52.543000Z,,2023-03-02T15:59:54.424972Z,2358,C15BMR3K,25,English,29,Male,White,United Kingdom,United Kingdom,United Kingdom,English,No,Full-Time
6400bebb424c70cb5a56d908,62f2b6fdc1d275d246cba59b,AWAITING REVIEW,2023-03-02T15:20:27.104000Z,2023-03-02T16:13:29.438000Z,,2023-03-02T16:14:19.212639Z,3183,C15BMR3K,291,English,60,Female,White,United Kingdom,United Kingdom,United Kingdom,English,No,"Not in paid work (e.g. homemaker', 'retired or disabled)"
6400bec7187376942ecfdfae,5f5d67dffbf1065cd033b172,AWAITING REVIEW,2023-03-02T15:20:39.294000Z,2023-03-02T17:16:35.889000Z,,2023-03-02T17:16:36.245837Z,6957,C15BMR3K,143,English,24,Male,Black,South Africa,South Africa,South Africa,English,Yes,Part-Time
6400bed004e99dbb6094eb8b,5f8586b33e4d65036ae018f9,AWAITING REVIEW,2023-03-02T15:25:39.684000Z,2023-03-02T16:03:42.471000Z,,2023-03-02T16:03:42.873650Z,2283,C15BMR3K,931,English,41,Male,White,United Kingdom,United Kingdom,United Kingdom,English,No,Part-Time
6400bed867ddc7a2b2bdf3c2,60be8efc2d564bcd4c8896b4,AWAITING REVIEW,2023-03-02T15:20:56.514000Z,2023-03-02T16:30:45.259000Z,,2023-03-02T16:30:45.667904Z,4189,C15BMR3K,173,English,21,Male,Asian,South Africa,South Africa,South Africa,English,No,Unemployed (and job seeking)
6400bee993a562a568c314f9,60c0fbf9264394e8e2c57bac,AWAITING REVIEW,2023-03-02T15:22:12.948000Z,2023-03-02T16:59:21.414000Z,,2023-03-02T16:59:21.825551Z,5829,C15BMR3K,158,English,29,Male,White,South Africa,South Africa,South Africa,English,DATA_EXPIRED,Full-Time
6400beecabac469a29bfd4fb,6017df63bb02083698436ead,AWAITING REVIEW,2023-03-02T15:21:16.004000Z,2023-03-02T16:25:40.643000Z,,2023-03-02T16:25:41.379151Z,3865,C15BMR3K,207,English,27,Female,Black,South Africa,South Africa,South Africa,English,No,Full-Time
6400bf155807d010900c24bb,5f2dde4e9832d7121893d5a7,AWAITING REVIEW,2023-03-02T15:22:01.095000Z,2023-03-02T16:15:17.084000Z,,2023-03-02T16:17:02.906724Z,3196,C15BMR3K,28,English,28,Male,White,United Kingdom,United Kingdom,United Kingdom,English,No,Full-Time
6400bf2510621838d38168be,5a69257731b87a0001c76293,AWAITING REVIEW,2023-03-02T15:23:39.382000Z,2023-03-02T16:40:07.713000Z,,2023-03-02T16:40:08.204814Z,4589,C15BMR3K,939,English,30,Female,White,United Kingdom,United Kingdom,United Kingdom,English,No,DATA_EXPIRED
6400bf259243b702a083c7b4,5ec6dc260f6f6211b434e57c,AWAITING REVIEW,2023-03-02T15:22:19.046000Z,2023-03-02T16:16:08.857000Z,,2023-03-02T16:17:38.686937Z,3230,C15BMR3K,483,English,25,Female,White,United Kingdom,United Kingdom,United Kingdom,English,DATA_EXPIRED,DATA_EXPIRED
6400bf29803520925719eada,5f2ef53d7729c52ae63230a2,AWAITING REVIEW,2023-03-02T15:22:27.218000Z,2023-03-02T16:04:23.322000Z,,2023-03-02T16:04:23.737384Z,2517,C15BMR3K,140,English,36,Female,White,United Kingdom,United Kingdom,United Kingdom,English,No,Part-Time
6400bf35f7331aaa35657356,5a97716fdbdb470001eec94f,AWAITING REVIEW,2023-03-02T15:22:32.824000Z,2023-03-02T16:05:14.401000Z,,2023-03-02T16:05:14.815960Z,2562,C15BMR3K,686,English,37,Female,White,United States,United Kingdom,Australia,English,DATA_EXPIRED,DATA_EXPIRED
6400bf378a2a94912a36a90e,60a11f90c50ca219e6f70bce,AWAITING REVIEW,2023-03-02T15:23:02.483000Z,2023-03-02T16:17:18.692000Z,,2023-03-02T16:18:04.294134Z,3257,C15BMR3K,267,English,28,Female,Mixed,South Africa,South Africa,South Africa,English,Yes,Full-Time
6400bf3ecab8b09201604b86,60e2577f8c52db9d1fb5ffac,AWAITING REVIEW,2023-03-02T15:22:41.785000Z,2023-03-02T17:10:36.994000Z,,2023-03-02T17:10:37.406731Z,6476,NOCODE,721,"English, French",49,Female,White,United States,United States,United States,English,DATA_EXPIRED,DATA_EXPIRED
6400bf4c0240da6f6219eb41,5c351b21d4ae620001d3ee01,AWAITING REVIEW,2023-03-02T15:22:58.534000Z,2023-03-02T17:25:58.419000Z,,2023-03-02T17:25:59.223167Z,7380,C15BMR3K,354,English,41,Female,White,United Kingdom,United Kingdom,United Kingdom,English,No,Part-Time
6400bf704cb6346b9ccfdfd4,5d0ac73d1fdbbb0019c9707d,AWAITING REVIEW,2023-03-02T15:23:28.692000Z,2023-03-02T16:14:51.670000Z,,2023-03-02T16:16:42.668661Z,3083,C15BMR3K,526,English,56,Female,White,United Kingdom,Ireland,United Kingdom,English,No,Part-Time
6400bf78eb25d46dcfbdf39a,605467d5a3ae5fb3ec1970ad,AWAITING REVIEW,2023-03-02T15:23:47.963000Z,2023-03-02T16:22:15.018000Z,,2023-03-02T16:22:15.449785Z,3508,C15BMR3K,406,English,40,Female,Black,Nigeria,United Kingdom,Nigeria,English,No,Full-Time
6400bf866aeaef35f2cfdfa9,5fe3b63f4b3bdc08088f6ae0,AWAITING REVIEW,2023-03-02T15:23:50.822000Z,2023-03-02T16:26:24.488000Z,,2023-03-02T16:26:24.933459Z,3754,C15BMR3K,115,"English, Spanish, Hindi",22,Male,Asian,Chile,Chile,Chile,English,Yes,Other
6400bf94b46c8584972a9a74,5f12f3b9b6d334012fba9ca4,AWAITING REVIEW,2023-03-02T15:24:14.657000Z,2023-03-02T16:32:16.318000Z,,2023-03-02T16:32:16.810480Z,4082,C15BMR3K,525,English,23,Female,DATA_EXPIRED,DATA_EXPIRED,United Kingdom,United Kingdom,English,DATA_EXPIRED,DATA_EXPIRED
6400bf98be9f1250b18b540c,5ea6f9f2064600098ec3de7d,AWAITING REVIEW,2023-03-02T15:24:13.042000Z,2023-03-02T16:27:30.921000Z,,2023-03-02T16:27:31.340614Z,3798,C15BMR3K,532,English,32,Female,White,United Kingdom,United Kingdom,United Kingdom,English,No,Full-Time
6400bfadc4a8241137326ef4,60c75eb8c7c62c1cabd3f275,AWAITING REVIEW,2023-03-02T15:25:27.134000Z,2023-03-02T16:47:19.800000Z,,2023-03-02T16:47:20.748239Z,4913,C15BMR3K,293,English,35,Female,Black,South Africa,South Africa,South Africa,English,No,Full-Time
6400bfc6de84dac420503489,60b2827157e043215e6f997e,AWAITING REVIEW,2023-03-02T15:24:54.989000Z,2023-03-02T16:48:45.474000Z,,2023-03-02T16:48:48.268697Z,5031,C15BMR3K,399,English,22,Female,Black,South Africa,South Africa,South Africa,English,Yes,Unemployed (and job seeking)
6400bfc9cab8b09201604b94,6060b63e4ccfcf7b44479d8b,AWAITING REVIEW,2023-03-02T15:25:24.201000Z,2023-03-02T16:35:59.779000Z,,2023-03-02T16:36:00.141222Z,4236,C15BMR3K,189,"Afrikaans, English",20,Male,Mixed,South Africa,South Africa,South Africa,English,Yes,Unemployed (and job seeking)
6400bfcd94205f8fec0c5528,60214feec65df50cd6837a48,AWAITING REVIEW,2023-03-02T15:25:01.261000Z,2023-03-02T17:16:01.885000Z,,2023-03-02T17:16:02.341815Z,6661,C15BMR3K,334,English,31,Female,Black,South Africa,South Africa,South Africa,English,Yes,Unemployed (and job seeking)
6400bfd2d96da418ea7829b5,570157c6917228000d8d4b6a,AWAITING REVIEW,2023-03-02T15:25:06.512000Z,2023-03-02T16:03:43.968000Z,,2023-03-02T16:03:44.394632Z,2318,C15BMR3K,717,English,31,Male,White,United Kingdom,United Kingdom,United Kingdom,English,No,Full-Time
6400bfdda310218696458146,60a2df32808ac76c056b37b9,AWAITING REVIEW,2023-03-02T15:25:21.682000Z,2023-03-02T16:57:11.933000Z,,2023-03-02T16:57:12.406658Z,5511,C15BMR3K,294,English,25,Female,Black,South Africa,South Africa,South Africa,English,No,Unemployed (and job seeking)
6400c0077e6fabbbe494754e,55d6e23469dbc30010b66dc3,AWAITING REVIEW,2023-03-02T15:26:03.763000Z,2023-03-02T16:33:31.736000Z,,2023-03-02T16:33:32.144055Z,4048,C15BMR3K,892,English,50,Female,White,United Kingdom,United Kingdom,United Kingdom,English,DATA_EXPIRED,DATA_EXPIRED
6400c00825497a0efd4795de,5e25f47427b78983dc68a86a,AWAITING REVIEW,2023-03-02T15:26:03.618000Z,2023-03-02T16:08:05.897000Z,,2023-03-02T16:08:07.360182Z,2523,C15BMR3K,860,English,27,Female,White,United Kingdom,United Kingdom,United Kingdom,English,No,Full-Time
6400c00bcb4c81886dbfd4a3,63f50af2c1c4e936e812b6f6,AWAITING REVIEW,2023-03-02T15:26:11.129000Z,2023-03-02T17:02:49.308000Z,,2023-03-02T17:02:49.731419Z,5799,C15BMR3K,6,English,31,Female,Black,United Kingdom,United Kingdom,United Kingdom,English,No,Full-Time
6400c01378fa467aabbcc66c,63bb4a3a48b487f62234debe,AWAITING REVIEW,2023-03-02T15:26:11.650000Z,2023-03-02T16:40:03.960000Z,,2023-03-02T16:40:04.681220Z,4433,C15BMR3K,35,English,51,Male,White,United States,Mexico,United States,English,No,"Not in paid work (e.g. homemaker', 'retired or disabled)"
6400c01fd6d62064378168c4,60bf088e3b1f2de4d3895eee,APPROVED,2023-03-02T15:26:33.011000Z,2023-03-02T17:51:48.399000Z,2023-03-02T17:51:48.642000Z,,8716,Manual Completion,118,English,32,Female,Black,South Africa,South Africa,South Africa,English,No,Full-Time
6400c0224bd26187f2c1a236,5fa154fd4cbe97227182aff7,AWAITING REVIEW,2023-03-02T15:26:26.932000Z,2023-03-02T16:23:39.829000Z,,2023-03-02T16:23:42.660675Z,3433,C15BMR3K,326,"English, Afrikaans",31,Male,Mixed,South Africa,South Africa,South Africa,English,No,Unemployed (and job seeking)
6400c038e7eb8fd8efbc9d0a,5b3fdff9d67d210001d58ac5,AWAITING REVIEW,2023-03-02T15:26:48.373000Z,2023-03-02T16:29:29.439000Z,,2023-03-02T16:29:37.736271Z,3762,C15BMR3K,253,"English, French",36,Female,White,Canada,Canada,Canada,English,No,"Not in paid work (e.g. homemaker', 'retired or disabled)"
6400c03de7eb8fd8efbc9d0b,607ee7232fb723e021ea8bd5,AWAITING REVIEW,2023-03-02T15:26:53.142000Z,2023-03-02T16:13:22.746000Z,,2023-03-02T16:14:10.403068Z,2790,C15BMR3K,602,English,37,Male,White,Canada,Canada,Canada,English,No,DATA_EXPIRED
6400c045bd023b1ce5326ed9,63cff252bc47898bf54b1c3e,AWAITING REVIEW,2023-03-02T15:27:16.148000Z,2023-03-02T16:10:07.845000Z,,2023-03-02T16:10:10.985671Z,2572,C15BMR3K,53,English,26,Male,White,United Kingdom,United Kingdom,United Kingdom,English,No,Full-Time
6400c04cd6831ecc4202ae64,5ba8d1bc642146000183c033,AWAITING REVIEW,2023-03-02T15:27:17.560000Z,2023-03-02T16:43:51.156000Z,,2023-03-02T16:43:51.657445Z,4594,C15BMR3K,618,English,41,Male,White,United Kingdom,United Kingdom,United Kingdom,English,No,Full-Time
6400c04d10621838d38168e7,6104f643566bca4643370eba,AWAITING REVIEW,2023-03-02T15:27:14.882000Z,2023-03-02T16:14:23.781000Z,,2023-03-02T16:16:00.592161Z,2829,C15BMR3K,457,English,43,Male,White,United Kingdom,United Kingdom,United Kingdom,English,DATA_EXPIRED,DATA_EXPIRED
6400c04d4b548b7ff4f4a2f2,5fef191aadaa09219fe00e6a,AWAITING REVIEW,2023-03-02T15:27:09.883000Z,2023-03-02T17:24:14.314000Z,,2023-03-02T17:24:14.713287Z,7025,C15BMR3K,199,English,32,Female,Black,Uganda,South Africa,Uganda,English,Yes,Part-Time
6400c04f255c0ea49b964728,60adebdc89324b1cb4822215,AWAITING REVIEW,2023-03-02T15:27:17.289000Z,2023-03-02T16:12:05.626000Z,,2023-03-02T16:12:08.814702Z,2689,C15BMR3K,682,English,54,Female,White,United Kingdom,United Kingdom,United Kingdom,English,No,Part-Time
6400c06453c64a2627b027c8,63f38679dc4fae15ba49de24,AWAITING REVIEW,2023-03-02T15:27:41.680000Z,2023-03-02T16:16:04.473000Z,,2023-03-02T16:17:28.738666Z,2903,C15BMR3K,10,"English, Tagalog-Filipino",54,Male,Mixed,Philippines,United Kingdom,United Kingdom,English,No,Full-Time
6400c068828090ff1f56d902,5c328af23f5d210001834f82,AWAITING REVIEW,2023-03-02T15:27:41.693000Z,2023-03-02T16:49:08.342000Z,,2023-03-02T16:49:08.789855Z,4887,C15BMR3K,194,English,25,Female,White,United Kingdom,United Kingdom,United Kingdom,English,No,Full-Time
6400c07032c53f5ae902ae89,5928947add1a250001b4e859,AWAITING REVIEW,2023-03-02T15:27:50.809000Z,2023-03-02T16:33:35.662000Z,,2023-03-02T16:33:36.099355Z,3945,C15BMR3K,1126,English,44,Male,White,United Kingdom,United Kingdom,United Kingdom,English,DATA_EXPIRED,DATA_EXPIRED
6400c077437ec6dd0c252cc9,5a33acd25617d60001f0e8ba,AWAITING REVIEW,2023-03-02T15:28:04.942000Z,2023-03-02T16:13:18.161000Z,,2023-03-02T16:13:55.727776Z,2714,C15BMR3K,472,English,27,Female,White,United Kingdom,United Kingdom,United Kingdom,English,DATA_EXPIRED,DATA_EXPIRED
6400c0801d7aabda5cbdf3ef,5c5cb335c378220001e5ed9b,AWAITING REVIEW,2023-03-02T15:28:00.543000Z,2023-03-02T16:15:45.411000Z,,2023-03-02T16:17:16.053753Z,2865,C15BMR3K,1576,English,55,Male,White,United Kingdom,United Kingdom,United Kingdom,English,No,Part-Time
6400c082af228568649f2de2,59d395800118340001369be1,AWAITING REVIEW,2023-03-02T15:31:12.431000Z,2023-03-02T16:21:13.768000Z,,2023-03-02T16:21:14.396265Z,3002,C15BMR3K,1712,"English, French",31,Male,White,United Kingdom,United Kingdom,United Kingdom,English,No,Full-Time
6400c083318957e9b34795f7,5be2dab1dc5b8d0001ce18a9,AWAITING REVIEW,2023-03-02T15:28:09.715000Z,2023-03-02T16:21:16.310000Z,,2023-03-02T16:21:19.321799Z,3187,C15BMR3K,1345,English,44,Female,White,Canada,Canada,Canada,English,No,Full-Time
6400c08bbfd98b60a28f35a2,5c462f70f5bbb70001b2f902,AWAITING REVIEW,2023-03-02T15:28:46.373000Z,2023-03-02T16:13:02.931000Z,,2023-03-02T16:13:35.481795Z,2657,C15BMR3K,782,English,39,Female,White,United Kingdom,United Kingdom,United Kingdom,English,No,Part-Time
6400c08bc63fe01c80479620,5e54c7fc2394ea4c99f88987,AWAITING REVIEW,2023-03-02T15:30:38.479000Z,2023-03-02T16:17:16.143000Z,,2023-03-02T16:17:53.530425Z,2798,C15BMR3K,1028,English,34,Female,White,United Kingdom,United Kingdom,United Kingdom,English,No,DATA_EXPIRED
6400c0960dc354d9c67ad587,60ac08be37cd5e98ab2d0037,AWAITING REVIEW,2023-03-02T15:28:22.638000Z,2023-03-02T16:52:01.742000Z,,2023-03-02T16:52:02.153399Z,5020,C15BMR3K,693,English,47,Male,White,United Kingdom,United Kingdom,United Kingdom,English,DATA_EXPIRED,DATA_EXPIRED
6400c09674320040b649dca1,60eeb9d36a7364ce4723b8bd,AWAITING REVIEW,2023-03-02T15:28:22.684000Z,2023-03-02T16:22:53.587000Z,,2023-03-02T16:22:53.984864Z,3271,C15BMR3K,741,"English, Scots",51,Female,White,United Kingdom,United Kingdom,United Kingdom,English,No,"Not in paid work (e.g. homemaker', 'retired or disabled)"
6400c0a24ebbdc032eca881e,60dc9d77f88945d66d46966c,AWAITING REVIEW,2023-03-02T15:29:26.997000Z,2023-03-02T16:18:56.335000Z,,2023-03-02T16:18:56.733628Z,2970,C15BMR3K,347,English,32,Male,White,United Kingdom,United Kingdom,United Kingdom,English,No,Full-Time
6400c0a7e740a70174bdf391,6113b748c2f35612240f942e,AWAITING REVIEW,2023-03-02T15:29:22.605000Z,2023-03-02T16:34:51.465000Z,,2023-03-02T16:34:52.573699Z,3929,C15BMR3K,209,English,21,Female,White,United Kingdom,United Kingdom,United Kingdom,English,No,Full-Time
6400c0ad7932e04c50ac065f,5fa9a1924401ba1be7e2dffc,AWAITING REVIEW,2023-03-02T15:28:45.479000Z,2023-03-02T16:42:17.510000Z,,2023-03-02T16:42:18.055465Z,4413,C15BMR3K,283,English,25,Male,White,Canada,Canada,Canada,English,DATA_EXPIRED,DATA_EXPIRED
6400c0b215120374f80c551f,5981d55b04ebec0001aaadde,AWAITING REVIEW,2023-03-02T15:28:56.231000Z,2023-03-02T16:46:01.625000Z,,2023-03-02T16:46:02.085655Z,4626,C15BMR3K,1330,English,38,Female,White,United Kingdom,United Kingdom,United Kingdom,English,No,"Not in paid work (e.g. homemaker', 'retired or disabled)"
6400c0b90980976c21518c4b,60dd4616c232b68493415fb9,AWAITING REVIEW,2023-03-02T15:35:46.777000Z,2023-03-02T16:19:14.115000Z,,2023-03-02T16:19:14.537600Z,2608,C15BMR3K,475,English,27,Female,White,United Kingdom,United Kingdom,United Kingdom,English,Yes,Full-Time
6400c0ba8e51b34ca678ed6c,62fbfd31ea1ec50c0bd3b135,AWAITING REVIEW,2023-03-02T15:29:01.829000Z,2023-03-02T16:13:11.174000Z,,2023-03-02T16:13:38.316076Z,2650,C15BMR3K,161,English,36,Female,White,United Kingdom,United Kingdom,United Kingdom,English,No,Full-Time
6400c0baa2d4a31701bb1b31,5eb160022ba1fe23beaecfb0,AWAITING REVIEW,2023-03-02T15:32:55.533000Z,2023-03-02T16:33:03.618000Z,,2023-03-02T16:33:04.016897Z,3609,C15BMR3K,676,English,43,Male,White,United Kingdom,United Kingdom,United Kingdom,English,No,Full-Time
6400c0bf6e31d7474bfce1aa,613b6a72b9d5544fcb6abf7a,AWAITING REVIEW,2023-03-02T15:37:43.265000Z,2023-03-02T16:28:30.916000Z,,2023-03-02T16:28:37.046937Z,3048,C15BMR3K,176,English,33,Female,Mixed,United Kingdom,United Kingdom,United Kingdom,English,No,Full-Time
6400c0c0acdf1f8dee78299c,63ee232c77eb19e162d640c9,AWAITING REVIEW,2023-03-02T15:31:23.569000Z,2023-03-02T16:19:00.193000Z,,2023-03-02T16:19:01.847213Z,2857,C15BMR3K,22,English,26,Male,White,United Kingdom,United Kingdom,Ireland,English,No,Full-Time
6400c0c42a0e1d17c7c3150c,5ec2a79581fa8a09897fae88,AWAITING REVIEW,2023-03-02T15:29:12.091000Z,2023-03-02T16:16:20.486000Z,,2023-03-02T16:17:33.914095Z,2829,C15BMR3K,443,English,27,Female,White,United Kingdom,United Kingdom,United Kingdom,English,No,Full-Time
6400c0c594e3d95e7afce1e2,5bdba05d19b9ba000157a348,AWAITING REVIEW,2023-03-02T15:29:11.822000Z,2023-03-02T16:22:12.435000Z,,2023-03-02T16:22:12.804208Z,3181,C15BMR3K,872,English,28,Female,White,United States,United States,United States,English,No,Unemployed (and job seeking)
6400c0d42ad6b7d14578edc3,5dcd750828792003fc23dc39,AWAITING REVIEW,2023-03-02T15:29:24.330000Z,2023-03-02T16:09:13.451000Z,,2023-03-02T16:09:13.878763Z,2390,C15BMR3K,889,"English, Portuguese",35,Male,White,United Kingdom,Ireland,United Kingdom,English,No,Full-Time
6400c0f0670ddbe4ae0c24e9,6151e69a392433707e7a9dfb,AWAITING REVIEW,2023-03-02T15:29:52.743000Z,2023-03-02T16:20:18.207000Z,,2023-03-02T16:20:18.608678Z,3026,C15BMR3K,547,English,25,Male,Other,United Kingdom,United Kingdom,United Kingdom,English,No,Full-Time
6400c1013ae63a3692e06345,63b844da85fc3b1d33b69ecc,AWAITING REVIEW,2023-03-02T15:30:09.715000Z,2023-03-02T16:37:08.755000Z,,2023-03-02T16:37:09.233064Z,4020,C15BMR3K,76,English,41,Male,White,United Kingdom,United Kingdom,United Kingdom,English,No,Full-Time
6400c123120a06088c8c81ab,6365862b94f7a68a41f98574,AWAITING REVIEW,2023-03-02T15:30:43.993000Z,2023-03-02T16:09:03.866000Z,,2023-03-02T16:09:04.243593Z,2300,C15BMR3K,222,English,32,Male,White,United Kingdom,United Kingdom,United Kingdom,English,No,Part-Time
6400c123a3233d22796391e5,568f981a7d961b000c969d2f,AWAITING REVIEW,2023-03-02T15:30:43.736000Z,2023-03-02T16:32:27.223000Z,,2023-03-02T16:32:27.613509Z,3704,C15BMR3K,343,English,54,Male,White,United Kingdom,United Kingdom,United Kingdom,English,No,DATA_EXPIRED
6400c13068736ce8deaf8dba,60d608eb9f7605c47854b753,AWAITING REVIEW,2023-03-02T15:33:54.184000Z,2023-03-02T16:43:18.607000Z,,2023-03-02T16:43:18.993109Z,4165,C15BMR3K,202,English,20,Male,White,United Kingdom,United Kingdom,United Kingdom,English,No,"Not in paid work (e.g. homemaker', 'retired or disabled)"
6400c13701c31724e4669022,63d7a6bd88c110589801cbf8,AWAITING REVIEW,2023-03-02T15:31:03.339000Z,2023-03-02T16:19:18.814000Z,,2023-03-02T16:19:19.253834Z,2896,C15BMR3K,70,English,26,Male,White,United Kingdom,United Kingdom,United Kingdom,English,No,Part-Time
6400c142a24bc69fc9bc9d17,60b346569670ffa9c825751d,AWAITING REVIEW,2023-03-02T15:35:39.816000Z,2023-03-02T16:33:42.779000Z,,2023-03-02T16:33:43.177658Z,3483,C15BMR3K,355,English,49,Male,White,United Kingdom,United Kingdom,United Kingdom,English,DATA_EXPIRED,DATA_EXPIRED
6400c144e91c7f1d3e36a8d7,60815de360f218f8b6164656,AWAITING REVIEW,2023-03-02T15:37:13.122000Z,2023-03-02T16:22:32.904000Z,,2023-03-02T16:22:35.007861Z,2720,C15BMR3K,93,English,19,Male,White,United Kingdom,United Kingdom,United Kingdom,English,Yes,DATA_EXPIRED
6400c14f1751417661faaddb,63f779740de2ae5b2620cec4,AWAITING REVIEW,2023-03-02T15:33:31.014000Z,2023-03-02T16:24:35.605000Z,,2023-03-02T16:24:35.974726Z,3065,C15BMR3K,9,English,32,Male,White,United Kingdom,United Kingdom,United Kingdom,English,No,"Not in paid work (e.g. homemaker', 'retired or disabled)"
6400c16ee67b399b8191760b,63879ab8ec8da4b78d403ce8,AWAITING REVIEW,2023-03-02T15:32:03.106000Z,2023-03-02T16:16:20.377000Z,,2023-03-02T16:17:36.246639Z,2658,C15BMR3K,123,English,50,Male,White,United Kingdom,United Kingdom,United Kingdom,English,No,Full-Time
6400c176120a06088c8c81be,63d9115807675df2e7864454,AWAITING REVIEW,2023-03-02T15:38:28.554000Z,2023-03-02T16:36:46.820000Z,,2023-03-02T16:36:47.286589Z,3499,C15BMR3K,24,English,28,Male,White,United Kingdom,United Kingdom,United Kingdom,English,No,Full-Time
6400c1824bd26187f2c1a26f,63d13b740d6c5fa4a1128aed,AWAITING REVIEW,2023-03-02T15:32:31.361000Z,2023-03-02T16:07:27.871000Z,,2023-03-02T16:07:28.957573Z,2097,C15BMR3K,45,English,26,Male,White,United Kingdom,United Kingdom,United Kingdom,English,Yes,Full-Time
6400c1837966fb4f453f34a7,62e234304cf51f62d5ee3e48,AWAITING REVIEW,2023-03-02T15:37:59.481000Z,2023-03-02T16:34:25.404000Z,,2023-03-02T16:34:25.830987Z,3386,C15BMR3K,385,English,57,Male,White,United Kingdom,United Kingdom,United Kingdom,English,DATA_EXPIRED,DATA_EXPIRED
6400c18443d41479a57ad590,5f4cc45ee974b18dbf4a503d,AWAITING REVIEW,2023-03-02T15:32:55.828000Z,2023-03-02T16:23:02.302000Z,,2023-03-02T16:23:02.723060Z,3007,C15BMR3K,522,"English, Afrikaans",35,Male,White,South Africa,South Africa,South Africa,English,No,Full-Time
6400c18794205f8fec0c5567,5eea37b60e95520ef6907500,AWAITING REVIEW,2023-03-02T15:35:27.220000Z,2023-03-02T16:27:43.206000Z,,2023-03-02T16:27:43.720681Z,3136,C15BMR3K,810,English,68,Male,White,United Kingdom,United Kingdom,United Kingdom,English,No,"Not in paid work (e.g. homemaker', 'retired or disabled)"
6400c18ec38671f3a2de0600,60dc72e0ecbf8af03b214ced,AWAITING REVIEW,2023-03-02T15:33:33.173000Z,2023-03-02T16:36:47.358000Z,,2023-03-02T16:36:47.791847Z,3795,C15BMR3K,312,English,30,Female,Mixed,United Kingdom,United Kingdom,United Kingdom,English,Yes,Other
6400c18f86608b1bcea0c441,63d197b56c5f5de261f50cd4,AWAITING REVIEW,2023-03-02T15:34:31.197000Z,2023-03-02T16:25:58.744000Z,,2023-03-02T16:25:59.692739Z,3088,C15BMR3K,15,English,25,Male,White,United Kingdom,United Kingdom,United Kingdom,English,No,Unemployed (and job seeking)
6400c1ad208e0ae1e8518c63,60d0de75282711f66dce1d3c,AWAITING REVIEW,2023-03-02T15:33:47.259000Z,2023-03-02T16:31:35.713000Z,,2023-03-02T16:31:36.606170Z,3469,C15BMR3K,755,English,20,Male,White,United Kingdom,United Kingdom,United Kingdom,English,Yes,Due to start a new job within the next month
6400c1b12f2620494e9175c4,63d284f85392896193d9c8ef,AWAITING REVIEW,2023-03-02T15:33:56.255000Z,2023-03-02T16:10:18.051000Z,,2023-03-02T16:10:18.709391Z,2182,C15BMR3K,2,English,29,Male,White,United Kingdom,Germany,United Kingdom,English,No,Full-Time
6400c1c255293c39c0f7c546,63ea973cedc5110966e26d36,AWAITING REVIEW,2023-03-02T15:35:03.251000Z,2023-03-02T16:18:57.053000Z,,2023-03-02T16:18:59.651901Z,2634,C15BMR3K,25,English,33,Male,White,United Kingdom,United Kingdom,United Kingdom,English,No,Full-Time
6400c22dcec3717710193183,5f5f5013f947f6000bd8ddcb,AWAITING REVIEW,2023-03-02T15:35:32.009000Z,2023-03-02T17:19:44.774000Z,,2023-03-02T17:19:45.124532Z,6253,C15BMR3K,669,"English, Spanish",34,Female,White,United Kingdom,Spain,United Kingdom,English,No,Full-Time
6400c28b0704c1eaf64580d7,561021e87ffc8a0005811358,AWAITING REVIEW,2023-03-02T15:37:24.168000Z,2023-03-02T16:35:40.322000Z,,2023-03-02T16:35:40.853570Z,3497,C15BMR3K,1631,English,48,Male,White,United Kingdom,United Kingdom,United Kingdom,English,No,Full-Time
6400c2a4a1aa3867889646fc,5b3a76c6c49ecb00010a8336,AWAITING REVIEW,2023-03-02T15:37:15.786000Z,2023-03-02T16:56:47.321000Z,,2023-03-02T16:56:47.679941Z,4772,C15BMR3K,3,English,42,Male,White,United Kingdom,United Kingdom,United Kingdom,English,No,Full-Time
6400c3a97ddb2a5f1aff94db,603415af8ffaaa1ada99d014,AWAITING REVIEW,2023-03-02T15:44:35.067000Z,2023-03-02T16:50:13.088000Z,,2023-03-02T16:50:13.443167Z,3939,C15BMR3K,213,English,47,Female,Black,United States,South Africa,South Africa,English,No,Unemployed (and job seeking)
6400c4016ce6858536d48dca,5c41e9263be7b70001fcf4ab,AWAITING REVIEW,2023-03-02T15:42:57.114000Z,2023-03-02T16:29:30.853000Z,,2023-03-02T16:29:35.013835Z,2794,C15BMR3K,1076,English,44,Male,White,Ireland,Ireland,Ireland,English,No,Full-Time
6400c5c347482b9edde062f3,5e53e8d0a0002e3ee42be086,AWAITING REVIEW,2023-03-02T15:50:30.375000Z,2023-03-02T16:38:14.917000Z,,2023-03-02T16:38:15.349701Z,2865,C15BMR3K,1057,English,28,Female,White,United Kingdom,United Kingdom,United Kingdom,English,Yes,Full-Time
6400c6889bf6eb52f7252c66,5df2148f55742510c539232e,AWAITING REVIEW,2023-03-02T15:53:45.755000Z,2023-03-02T16:36:08.222000Z,,2023-03-02T16:36:08.654120Z,2543,C15BMR3K,485,"English, Japanese",34,Male,White,United States,United Kingdom,United Kingdom,English,Yes,Full-Time
6400c7e58b4db452950c2538,5b5f23420085cb0001872849,AWAITING REVIEW,2023-03-02T15:59:37.836000Z,2023-03-02T17:05:31.327000Z,,2023-03-02T17:05:31.723624Z,3954,C15BMR3K,962,English,28,Female,White,United Kingdom,United Kingdom,United Kingdom,English,No,Full-Time
6400c81c17888a8af98f6e34,60aad516e34718d318bfb44d,AWAITING REVIEW,2023-03-02T16:00:33.264000Z,2023-03-02T17:02:14.101000Z,,2023-03-02T17:02:15.582329Z,3701,C15BMR3K,516,English,28,Female,Black,South Africa,South Africa,South Africa,English,No,Full-Time
6400c889629f83ce8e47807e,6235af56808f1fc2e7b57c6a,AWAITING REVIEW,2023-03-02T16:03:43.872000Z,2023-03-02T16:45:18.756000Z,,2023-03-02T16:45:19.232177Z,2495,C15BMR3K,284,English,34,Male,White,United Kingdom,United Kingdom,United Kingdom,English,No,Part-Time
6400cd05c9479cf3fa3f9b5c,5e3a0494852c30225cf95713,AWAITING REVIEW,2023-03-02T16:21:48.362000Z,2023-03-02T17:00:39.318000Z,,2023-03-02T17:00:39.917045Z,2331,C15BMR3K,266,English,32,Female,White,United Kingdom,United Kingdom,United Kingdom,English,Yes,Full-Time
6400cdf2d2eae23301a45850,5f12e6ebfe50020009674aa7,AWAITING REVIEW,2023-03-02T16:25:25.186000Z,2023-03-02T18:06:40.831000Z,,2023-03-02T18:06:42.942404Z,6076,C15BMR3K,1131,English,39,Female,White,United States,United Kingdom,United Kingdom,English,DATA_EXPIRED,DATA_EXPIRED
6400ce123e722bc0c63f9b25,5cec33627950d8001bbcc787,AWAITING REVIEW,2023-03-02T16:26:07.495000Z,2023-03-02T17:17:48.106000Z,,2023-03-02T17:17:48.503476Z,3101,C15BMR3K,835,English,56,Female,White,United Kingdom,United Kingdom,United Kingdom,English,No,Unemployed (and job seeking)
6400cf9da0b6950358604b8d,5d68c8aa40524c00189e8ac2,AWAITING REVIEW,2023-03-02T16:35:58.712000Z,2023-03-02T17:15:49.677000Z,,2023-03-02T17:15:50.089198Z,2391,C15BMR3K,2258,English,31,Male,White,United Kingdom,United Kingdom,United Kingdom,English,No,Full-Time
6400d800c519941885a45817,60f816ff1fa74fcfab532378,AWAITING REVIEW,2023-03-02T17:08:45.418000Z,2023-03-02T17:44:26.544000Z,,2023-03-02T17:44:27.105991Z,2142,C15BMR3K,1013,English,27,Female,White,United Kingdom,United Kingdom,United Kingdom,English,No,Full-Time
6400dc4aa5f933692f657347,629f6b8c65fcae219e245284,AWAITING REVIEW,2023-03-02T17:26:38.299000Z,2023-03-02T18:01:25.256000Z,,2023-03-02T18:01:26.109935Z,2087,C15BMR3K,656,English,29,Male,White,United Kingdom,United Kingdom,United Kingdom,English,Yes,Unemployed (and job seeking)
6400dc4ca668e57e078babc6,5ecb6acd10d2c36e6124c9bd,AWAITING REVIEW,2023-03-02T17:26:55.134000Z,2023-03-02T18:29:13.966000Z,,2023-03-02T18:29:14.886514Z,3739,C15BMR3K,925,"English, Spanish",37,Female,White,United Kingdom,United Kingdom,United Kingdom,English,No,Full-Time
6400dc4cad31e2444b78ede3,5eda5ad7cee6c16590433514,AWAITING REVIEW,2023-03-02T17:27:11.197000Z,2023-03-02T18:21:09.196000Z,,2023-03-02T18:21:10.869058Z,3238,C15BMR3K,828,English,25,Female,White,United States,United States,United States,English,No,Full-Time
