"Result ID","Start Time","Last Seen","Duration","Batch","Worker ID","Worker Type","State","Message"
"1130","2023/03/02 17:26:47","2023/03/02 18:20:08","00:53:48","Default","1001","General Single","FINISHED","none"
"1129","2023/03/02 17:26:35","2023/03/02 18:28:31","01:02:05","Default","1000","General Single","FINISHED","none"
"1128","2023/03/02 17:26:10","2023/03/02 18:00:45","00:34:43","Default","999","General Single","FINISHED","none"
"1127","2023/03/02 17:08:17","2023/03/02 17:43:44","00:35:37","Default","998","General Single","FINISHED","none"
"1125","2023/03/02 16:35:31","2023/03/02 17:15:08","00:39:43","Default","996","General Single","FINISHED","none"
"1123","2023/03/02 16:25:50","2023/03/02 17:17:08","00:51:25","Default","994","General Single","FINISHED","none"
"1122","2023/03/02 16:24:59","2023/03/02 18:06:01","01:41:07","Default","993","General Single","FINISHED","none"
"1121","2023/03/02 16:21:24","2023/03/02 16:59:57","00:38:42","Default","992","General Single","FINISHED","none"
"1120","2023/03/02 16:12:58","2023/03/02 17:56:07","01:26:50","Default","991","General Single","FINISHED","none"
"1119","2023/03/02 16:03:25","2023/03/02 16:44:33","00:41:21","Default","990","General Single","FINISHED","none"
"1118","2023/03/02 16:00:08","2023/03/02 17:01:11","01:01:22","Default","989","General Single","FINISHED","none"
"1117","2023/03/02 15:59:13","2023/03/02 17:04:50","01:05:43","Default","988","General Single","FINISHED","none"
"1114","2023/03/02 15:53:25","2023/03/02 16:35:22","00:42:05","Default","985","General Single","FINISHED","none"
"1113","2023/03/02 15:50:02","2023/03/02 16:37:37","00:47:40","Default","984","General Single","FINISHED","none"
"1112","2023/03/02 15:44:16","2023/03/02 16:49:16","01:05:07","Default","983","General Single","FINISHED","none"
"1111","2023/03/02 15:42:30","2023/03/02 16:28:49","00:46:27","Default","982","General Single","FINISHED","none"
"1110","2023/03/02 15:38:39","2023/03/02 16:30:58","00:52:22","Default","981","General Single","FINISHED","none"
"1109","2023/03/02 15:38:01","2023/03/02 16:36:07","00:58:12","Default","980","General Single","FINISHED","none"
"1108","2023/03/02 15:37:38","2023/03/02 16:33:42","00:56:14","Default","979","General Single","FINISHED","none"
"1107","2023/03/02 15:37:24","2023/03/02 16:35:47","00:58:51","Default","978","General Single","FINISHED","none"
"1106","2023/03/02 15:37:15","2023/03/02 16:27:48","00:50:43","Default","977","General Single","FINISHED","none"
"1105","2023/03/02 15:37:04","2023/03/02 16:34:57","00:58:01","Default","976","General Single","FINISHED","none"
"1104","2023/03/02 15:37:00","2023/03/02 16:55:57","01:19:07","Default","975","General Single","FINISHED","none"
"1103","2023/03/02 15:36:46","2023/03/02 16:21:53","00:45:14","Default","974","General Single","FINISHED","none"
"1102","2023/03/02 15:35:44","2023/03/02 16:27:00","00:51:24","Default","973","General Single","FINISHED","none"
"1101","2023/03/02 15:35:23","2023/03/02 16:18:31","00:43:15","Default","972","General Single","FINISHED","none"
"1100","2023/03/02 15:35:14","2023/03/02 16:32:56","00:57:56","Default","971","General Single","FINISHED","none"
"1099","2023/03/02 15:35:07","2023/03/02 17:19:07","01:44:03","Default","970","General Single","FINISHED","none"
"1098","2023/03/02 15:34:40","2023/03/02 16:18:18","00:43:43","Default","969","General Single","FINISHED","none"
"1096","2023/03/02 15:34:05","2023/03/02 16:25:22","00:51:20","Default","967","General Single","FINISHED","none"
"1095","2023/03/02 15:33:42","2023/03/02 16:09:39","00:36:02","Default","966","General Single","FINISHED","none"
"1094","2023/03/02 15:33:28","2023/03/02 16:42:31","01:09:17","Default","965","General Single","FINISHED","none"
"1093","2023/03/02 15:33:14","2023/03/02 16:23:48","00:50:49","Default","964","General Single","FINISHED","none"
"1092","2023/03/02 15:32:40","2023/03/02 16:32:03","00:59:46","Default","963","General Single","FINISHED","none"
"1091","2023/03/02 15:32:31","2023/03/02 16:22:19","00:49:56","Default","962","General Single","FINISHED","none"
"1090","2023/03/02 15:32:04","2023/03/02 16:06:51","00:34:51","Default","961","General Single","FINISHED","none"
"1089","2023/03/02 15:31:45","2023/03/02 16:15:40","00:44:02","Default","960","General Single","FINISHED","none"
"1088","2023/03/02 15:31:38","2023/03/02 16:18:12","00:46:50","Default","959","General Single","FINISHED","none"
"1087","2023/03/02 15:30:49","2023/03/02 16:20:26","00:49:49","Default","958","General Single","FINISHED","none"
"1085","2023/03/02 15:30:38","2023/03/02 16:31:32","01:01:16","Default","956","General Single","FINISHED","none"
"1084","2023/03/02 15:30:38","2023/03/02 16:18:39","00:48:08","Default","955","General Single","FINISHED","none"
"1083","2023/03/02 15:30:37","2023/03/02 16:16:18","00:46:06","Default","954","General Single","FINISHED","none"
"1082","2023/03/02 15:30:19","2023/03/02 16:08:25","00:38:12","Default","953","General Single","FINISHED","none"
"1080","2023/03/02 15:29:45","2023/03/02 16:36:30","01:06:51","Default","951","General Single","FINISHED","none"
"1079","2023/03/02 15:29:25","2023/03/02 16:19:33","00:50:20","Default","950","General Single","FINISHED","none"
"1077","2023/03/02 15:29:05","2023/03/02 16:18:16","00:49:18","Default","948","General Single","FINISHED","none"
"1076","2023/03/02 15:29:05","2023/03/02 16:12:31","00:43:33","Default","947","General Single","FINISHED","none"
"1074","2023/03/02 15:29:04","2023/03/02 16:08:32","00:39:36","Default","945","General Single","FINISHED","none"
"1073","2023/03/02 15:28:58","2023/03/02 16:34:11","01:05:19","Default","944","General Single","FINISHED","none"
"1072","2023/03/02 15:28:54","2023/03/02 16:41:16","01:12:48","Default","943","General Single","FINISHED","none"
"1071","2023/03/02 15:28:50","2023/03/02 16:21:32","00:52:48","Default","942","General Single","FINISHED","none"
"1070","2023/03/02 15:28:47","2023/03/02 16:15:40","00:47:00","Default","941","General Single","FINISHED","none"
"1069","2023/03/02 15:28:44","2023/03/02 16:45:04","01:16:28","Default","940","General Single","FINISHED","none"
"1066","2023/03/02 15:28:21","2023/03/02 16:12:25","00:44:09","Default","937","General Single","FINISHED","none"
"1065","2023/03/02 15:28:03","2023/03/02 16:22:03","00:54:15","Default","936","General Single","FINISHED","none"
"1064","2023/03/02 15:27:55","2023/03/02 16:51:19","01:23:34","Default","935","General Single","FINISHED","none"
"1063","2023/03/02 15:27:53","2023/03/02 16:12:35","00:44:54","Default","934","General Single","FINISHED","none"
"1062","2023/03/02 15:27:51","2023/03/02 16:20:34","00:52:50","Default","933","General Single","FINISHED","none"
"1061","2023/03/02 15:27:50","2023/03/02 16:12:36","00:44:52","Default","932","General Single","FINISHED","none"
"1060","2023/03/02 15:27:36","2023/03/02 16:15:05","00:47:36","Default","931","General Single","FINISHED","none"
"1058","2023/03/02 15:27:30","2023/03/02 16:32:37","01:05:23","Default","929","General Single","FINISHED","none"
"1057","2023/03/02 15:27:19","2023/03/02 16:15:22","00:48:13","Default","928","General Single","FINISHED","none"
"1056","2023/03/02 15:27:18","2023/03/02 16:48:28","01:21:13","Default","927","General Single","FINISHED","none"
"1055","2023/03/02 15:27:06","2023/03/02 17:22:59","01:56:06","Default","926","General Single","FINISHED","none"
"1054","2023/03/02 15:26:59","2023/03/02 16:43:05","01:16:19","Default","925","General Single","FINISHED","none"
"1053","2023/03/02 15:26:57","2023/03/02 16:11:25","00:44:35","Default","924","General Single","FINISHED","none"
"1052","2023/03/02 15:26:50","2023/03/02 16:13:41","00:47:00","Default","923","General Single","FINISHED","none"
"1051","2023/03/02 15:26:48","2023/03/02 16:09:31","00:42:46","Default","922","General Single","FINISHED","none"
"1050","2023/03/02 15:26:48","2023/03/02 17:37:36","02:11:08","Default","921","General Single","FINISHED","none"
"1047","2023/03/02 15:26:31","2023/03/02 16:28:47","01:02:24","Default","918","General Single","FINISHED","none"
"1046","2023/03/02 15:26:01","2023/03/02 16:22:42","00:57:03","Default","917","General Single","FINISHED","none"
"1045","2023/03/02 15:25:46","2023/03/02 17:02:08","01:36:30","Default","916","General Single","FINISHED","none"
"1044","2023/03/02 15:25:46","2023/03/02 16:39:25","01:13:43","Default","915","General Single","FINISHED","none"
"1043","2023/03/02 15:25:42","2023/03/02 16:07:29","00:41:51","Default","914","General Single","FINISHED","none"
"1042","2023/03/02 15:25:38","2023/03/02 16:32:43","01:07:21","Default","913","General Single","FINISHED","none"
"1041","2023/03/02 15:25:14","2023/03/02 16:03:04","00:37:56","Default","912","General Single","FINISHED","none"
"1040","2023/03/02 15:25:08","2023/03/02 16:46:31","01:21:29","Default","911","General Single","FINISHED","none"
"1039","2023/03/02 15:25:08","2023/03/02 16:35:09","01:10:14","Default","910","General Single","FINISHED","none"
"1038","2023/03/02 15:25:03","2023/03/02 16:55:20","01:30:41","Default","909","General Single","FINISHED","none"
"1037","2023/03/02 15:24:49","2023/03/02 16:03:07","00:38:23","Default","908","General Single","FINISHED","none"
"1036","2023/03/02 15:24:43","2023/03/02 17:14:54","01:50:30","Default","907","General Single","FINISHED","none"
"1035","2023/03/02 15:24:31","2023/03/02 16:48:04","01:23:38","Default","906","General Single","FINISHED","none"
"1032","2023/03/02 15:23:47","2023/03/02 16:30:24","01:07:55","Default","903","General Single","FINISHED","none"
"1031","2023/03/02 15:23:47","2023/03/02 16:26:44","01:03:05","Default","902","General Single","FINISHED","none"
"1030","2023/03/02 15:23:25","2023/03/02 16:25:41","01:02:23","Default","901","General Single","FINISHED","none"
"1029","2023/03/02 15:23:23","2023/03/02 16:21:30","00:58:19","Default","900","General Single","FINISHED","none"
"1028","2023/03/02 15:23:14","2023/03/02 16:39:23","01:16:18","Default","899","General Single","FINISHED","none"
"1026","2023/03/02 15:23:05","2023/03/02 16:14:10","00:51:13","Default","897","General Single","FINISHED","none"
"1025","2023/03/02 15:22:56","2023/03/02 16:25:00","01:02:10","Default","896","General Single","FINISHED","none"
"1023","2023/03/02 15:22:53","2023/03/02 16:16:31","00:53:50","Default","894","General Single","FINISHED","none"
"1022","2023/03/02 15:22:52","2023/03/02 17:25:10","02:02:24","Default","893","General Single","FINISHED","none"
"1020","2023/03/02 15:22:09","2023/03/02 16:04:23","00:42:28","Default","891","General Single","FINISHED","none"
"1019","2023/03/02 15:22:03","2023/03/02 16:03:45","00:41:47","Default","890","General Single","FINISHED","none"
"1018","2023/03/02 15:21:57","2023/03/02 16:15:30","00:53:38","Default","889","General Single","FINISHED","none"
"1017","2023/03/02 15:21:49","2023/03/02 16:58:38","01:36:55","Default","888","General Single","FINISHED","none"
"1016","2023/03/02 15:21:39","2023/03/02 16:30:12","01:08:44","Default","887","General Single","FINISHED","none"
"1015","2023/03/02 15:21:35","2023/03/02 16:14:35","00:53:08","Default","886","General Single","FINISHED","none"
"1012","2023/03/02 15:20:35","2023/03/02 16:30:01","01:09:35","Default","883","General Single","FINISHED","none"
"1011","2023/03/02 15:20:15","2023/03/02 15:59:06","00:39:04","Default","882","General Single","FINISHED","none"
"1010","2023/03/02 15:20:14","2023/03/02 17:15:57","01:55:45","Default","881","General Single","FINISHED","none"
"1009","2023/03/02 15:20:12","2023/03/02 16:04:24","00:44:17","Default","880","General Single","FINISHED","none"
"1007","2023/03/02 15:20:10","2023/03/02 16:12:46","00:52:45","Default","878","General Single","FINISHED","none"
"1005","2023/03/02 15:19:20","2023/03/02 16:07:02","00:47:51","Default","876","General Single","FINISHED","none"
"1004","2023/03/02 15:19:13","2023/03/02 16:21:18","01:02:12","Default","875","General Single","FINISHED","none"
"1002","2023/03/02 15:18:19","2023/03/02 17:01:28","01:43:17","Default","873","General Single","FINISHED","none"
"1001","2023/03/02 15:18:19","2023/03/02 16:45:37","01:27:31","Default","872","General Single","FINISHED","none"
"999","2023/03/02 15:17:27","2023/03/02 16:34:38","01:17:20","Default","870","General Single","FINISHED","none"
"996","2023/03/02 15:16:52","2023/03/02 16:17:40","01:01:03","Default","867","General Single","FINISHED","none"
"995","2023/03/02 15:16:12","2023/03/02 16:07:50","00:51:48","Default","866","General Single","FINISHED","none"
"990","2023/03/02 15:13:39","2023/03/02 16:17:30","01:03:53","Default","861","General Single","FINISHED","none"
"989","2023/03/02 15:13:03","2023/03/02 16:13:41","01:00:45","Default","860","General Single","FINISHED","none"
"988","2023/03/02 15:12:21","2023/03/02 16:45:06","01:32:51","Default","859","General Single","FINISHED","none"
"987","2023/03/02 15:12:16","2023/03/02 15:54:47","00:42:40","Default","858","General Single","FINISHED","none"
"986","2023/03/02 15:12:11","2023/03/02 16:21:37","01:09:37","Default","857","General Single","FINISHED","none"
"985","2023/03/02 15:10:47","2023/03/02 15:58:30","00:47:54","Default","856","General Single","FINISHED","none"
"984","2023/03/02 15:10:09","2023/03/02 16:49:26","01:39:30","Default","855","General Single","FINISHED","none"
"982","2023/03/02 15:08:30","2023/03/02 16:10:45","01:02:23","Default","853","General Single","FINISHED","none"
"981","2023/03/02 15:06:47","2023/03/02 16:18:35","01:11:53","Default","852","General Single","FINISHED","none"
"980","2023/03/02 15:05:59","2023/03/02 16:22:23","01:16:32","Default","851","General Single","FINISHED","none"
"979","2023/03/02 15:05:47","2023/03/02 16:08:11","01:02:29","Default","850","General Single","FINISHED","none"
"978","2023/03/02 15:04:04","2023/03/02 15:59:21","00:55:22","Default","849","General Single","FINISHED","none"